,title,src_language,trg_language,genre,size,ids
0,elexis KOTUS Karelian dictionary,,,['gen'],88575,['elexis-kotus-kks']
1,elexis OEAW DC DGA YUE - A machine-readable Dictionary of Dagaare,,,['gen'],1252,['elexis-oeaw-dcdgayue']
2,A Digital Dictionary of Tunis Arabic,ar,['ar'],['gen'],7661,['tei-elexis-oeaw-digital_dictionary_of_tunis_arabic_dc_aeb_eng_002_vle_curation_2020_06_30_b-remapped']
3,A digital dictionary of Damascus Arabic,ar,['ar'],['gen'],2600,['tei-elexis-oeaw-digital_dictionary_of_damascus_arabic_dc_apc_eng_005_vle_curation_2020_07_09_c-remapped']
4,A machine-readable Dictionary of Dagaare,ar,['ar'],['gen'],1252,['tei-elexis-oeaw-dictionary_of_dagaare_dc_dga_yue__v002__2020_07_09_a-remapped']
5,A machine-readable Persian-English Dictionary,ar,['ar'],['gen'],10628,['tei-elexis-oeaw-dictionary_of_persian_english_dc_pes_eng_038_local_2020_06_30_c-remapped']
6,elexis ICNC IC12 core en ar,ar,['ar'],['gen'],561,['elexis-icnc-ic12-core-en-ar']
7,elexis KD Arabic - French,ar,['ar'],['gen'],11745,['elexis-kd-arfr']
8,elexis OEAW DC APC ENG - A digital dictionary of Damascus Arabic,ar,['ar'],['gen'],2600,['elexis-oeaw-dcapceng']
9,mlds-AR1FR,ar,['ar'],['gen'],11745,['tei-elexis-kd-globalarabicfrench_mlds-ar1fr_all_def-mlds_ar1fr-v1']
10,elexis ICNC IC12 core en be,be,['be'],['gen'],163246,['elexis-icnc-ic12-core-en-be']
11,TEI ELEXIS IBL BG_DICTIONARY_ANTONYMS_FINAL,bg,['bg'],['gen'],8809,['tei-elexis-ibl-bg_dictionary_antonyms_final']
12,TEI ELEXIS IBL BG_DICTIONARY_FINAL,bg,['bg'],['gen'],51000,['tei-elexis-ibl-bg_dictionary_final']
13,TEI ELEXIS IBL BG_DICTIONARY_NEWWORDS_FINAL,bg,['bg'],['gen'],2377,['tei-elexis-ibl-bg_dictionary_newwords_final']
14,TEI ELEXIS IBL BG_DICTIONARY_SYNONYMS_FINAL,bg,['bg'],['gen'],21417,['tei-elexis-ibl-bg_dictionary_synonyms_final']
15,elexis IBL BG Dictionary Antonyms,bg,['bg'],['gen'],10390,['elexis-ibl-antonyms']
16,elexis IBL BG Dictionary Synonyms,bg,['bg'],['gen'],29998,['elexis-ibl-synonyms']
17,elexis IBL BG Explanatory Dictionary,bg,['bg'],['gen'],59622,['elexis-ibl-explanatory']
18,elexis IBL BG New Words,bg,['bg'],['gen'],2658,['elexis-ibl-newwords']
19,elexis ICNC IC12 acquis en bg,bg,['bg'],['gen'],277206,['elexis-icnc-ic12-acquis-en-bg']
20,elexis ICNC IC12 core en bg,bg,['bg'],['gen'],225982,['elexis-icnc-ic12-core-en-bg']
21,elexis ICNC IC12 europarl en bg,bg,['bg'],['gen'],310136,['elexis-icnc-ic12-europarl-en-bg']
22,elexis IICT-BAS ValencyLexicon BG,bg,['bg'],['gen'],9574,['elexis-iictbas-valencylexiconBG']
23,elexis ICNC IC12 bible en ca,ca,['ca'],['gen'],27495,['elexis-icnc-ic12-bible-en-ca']
24,elexis ICNC IC12 core en ca,ca,['ca'],['gen'],170593,['elexis-icnc-ic12-core-en-ca']
25,elexis ICNC IC12 acquis en cs,cs,['cs'],['gen'],418661,['elexis-icnc-ic12-acquis-en-cs']
26,elexis ICNC IC12 bible en cs,cs,['cs'],['gen'],35454,['elexis-icnc-ic12-bible-en-cs']
27,elexis ICNC IC12 core en cs,cs,['cs'],['gen'],1325596,['elexis-icnc-ic12-core-en-cs']
28,elexis ICNC IC12 europarl en cs,cs,['cs'],['gen'],492919,['elexis-icnc-ic12-europarl-en-cs']
29,elexis ICNC IC12 presseurop en cs,cs,['cs'],['gen'],132418,['elexis-icnc-ic12-presseurop-en-cs']
30,elexis ICNC IC12 syndicate en cs,cs,['cs'],['gen'],303599,['elexis-icnc-ic12-syndicate-en-cs']
31,elexis ICNC Lemma list,cs,['cs'],['gen'],169934,['elexis-icnc-lemma']
32,DDO Lemma list,da,['da'],['gen'],99286,['tei-elexis-dsl-dsl_ddo_lemmas_01']
33,Kalkar's Dictionary,da,['da'],['gen'],76430,['tei-elexis-dsl-dsl_kalkar_01']
34,Moth's Dictionary,da,['da'],['gen'],93832,['tei-elexis-dsl-dsl_moth_01']
35,ODS Lemma list,da,['da'],['gen'],163012,['tei-elexis-dsl-dsl_ods_lemmas_01']
36,ODS_basic_01,da,['da'],['gen'],4515,['tei-elexis-dsl-dsl_ods_basic_01']
37,"The Danish Dictionary (basic voc, version2)",da,['da'],['gen'],5197,['tei-elexis-dsl-dsl_ddo_basic_02']
38,elexis DSL DDO,da,['da'],['gen'],99286,['elexis-dsl-ddo']
39,elexis DSL DDO basic,da,['da'],['gen'],5122,['elexis-dsl-ddobasic']
40,elexis DSL Kalkar,da,['da'],['gen'],76388,['elexis-dsl-kalkar']
41,elexis DSL Moth,da,['da'],['gen'],93832,['elexis-dsl-moth']
42,elexis DSL ODS,da,['da'],['gen'],163012,['elexis-dsl-ods']
43,elexis DSL ODS basic,da,['da'],['gen'],4515,['elexis-dsl-odsbasic']
44,elexis ICNC IC12 acquis en da,da,['da'],['gen'],349446,['elexis-icnc-ic12-acquis-en-da']
45,elexis ICNC IC12 bible en da,da,['da'],['gen'],27421,['elexis-icnc-ic12-bible-en-da']
46,elexis ICNC IC12 core en da,da,['da'],['gen'],232257,['elexis-icnc-ic12-core-en-da']
47,elexis ICNC IC12 europarl en da,da,['da'],['gen'],378719,['elexis-icnc-ic12-europarl-en-da']
48,Neues Idioticon Viennense,de,['de'],['gen'],0,['tei-elexis-oeaw-neues_idioticon_viennense_deu_loritza_2015_10_22_a-doc-remapped']
49,Wörterbuch des Wiener Dialektes,de,['de'],['gen'],8478,['tei-elexis-oeaw-jakob1929-remapped']
50,elexis ICNC IC12 acquis en de,de,['de'],['gen'],323716,['elexis-icnc-ic12-acquis-en-de']
51,elexis ICNC IC12 bible en de,de,['de'],['gen'],27104,['elexis-icnc-ic12-bible-en-de']
52,elexis ICNC IC12 core en de,de,['de'],['gen'],499686,['elexis-icnc-ic12-core-en-de']
53,elexis ICNC IC12 europarl en de,de,['de'],['gen'],354901,['elexis-icnc-ic12-europarl-en-de']
54,elexis ICNC IC12 presseurop en de,de,['de'],['gen'],101633,['elexis-icnc-ic12-presseurop-en-de']
55,elexis ICNC IC12 syndicate en de,de,['de'],['gen'],216164,['elexis-icnc-ic12-syndicate-en-de']
56,elexis IDS elexiko,de,['de'],['gen'],275756,['elexis-ids-elexiko']
57,elexis Idiotikon,de,['de'],['gen'],160245,['elexis-idiotikon']
58,elexis OEAW DEU LORITZA - Neues Idioticon Viennense,de,['de'],['gen'],4171,['elexis-oeaw-loritza']
59,elexis OEAW Jakob 1929 - Wörterbuch des Wiener Dialektes,de,['de'],['gen'],8475,['elexis-oeaw-jakob']
60,elexis OEAW R WBOE - Dictionary of Bavarian Dialects of Austria,de,['de'],['gen'],9139,['elexis-oeaw-rwboe']
61,elexis OEAW Schranka 1905 - Wiener Dialekt-Lexikon,de,['de'],['gen'],1334,['elexis-oeaw-schranka']
62,elexis Ortsnamen,de,['de'],['gen'],734778,['elexis-ortsnamen']
63,"elexis TCDH Middle High German Dictionary (Benecke, Müller, Zarncke)",de,['de'],['gen'],36048,['elexis-tcdh-bmz']
64,MLDS_el1-fr-all,el,['el'],['gen'],12056,['tei-elexis-kd-globalgreekfrench_mlds_el1-fr-all-def-mlds_el1-fr-v1']
65,elexis ICNC IC12 acquis en el,el,['el'],['gen'],351950,['elexis-icnc-ic12-acquis-en-el']
66,elexis ICNC IC12 europarl en el,el,['el'],['gen'],402244,['elexis-icnc-ic12-europarl-en-el']
67,elexis KD Greek - French,el,['el'],['gen'],12056,['elexis-kd-elfr']
68,00031.png.pdf.pdf - annotate,en,['en'],['gen'],1,['ske_elexis_D7TZ5Y70H5']
69,0_Kofein_LexVoc Vocabulary of Lexicographic Terms,en,['en'],['gen'],484,['626p934y']
70,0_Kofein_LexVoc_slv_Slovene,en,['en'],['gen'],485,['fceugxkj']
71,0_Luka-testing-LexVoc Vocabulary of Lexicographic Terms,en,['en'],['gen'],484,['ct73pybb']
72,123,en,['en'],['gen'],3,['i8ft6w8h']
73,A-C-Strecke_Saarbrücker.pdf - annotate,en,['en'],['gen'],1,"['elexis_1E3FKLG5EV', 'elexis_CINY4DOJEJ', 'elexis_7CTRIXNVRE']"
74,A-C-Strecke_Saarbrücker_OCR.pdf - annotate,en,['en'],['gen'],1,['elexis_XEU4E9W2HD']
75,A-C-Strecke_Saarbrücker_OCR.pdf - preview,en,['en'],['gen'],0,['elexis_7H74M713JK']
76,ANOTATED Mali sloang,en,['en'],['gen'],1,['vqymbjj4']
77,ANOTATED Sloita,en,['en'],['gen'],1,['c3uc8win']
78,ANOTATED Srbslo,en,['en'],['gen'],1,['ccpdpyf9']
79,Aasaasi one page sample.pdf - annotate,en,['en'],['gen'],1,['ske_elexis_HK8KCBEXRX']
80,Agriculture Terms and Definitions.pdf - annotate,en,['en'],['gen'],1,['ske_elexis_WEUUU6V7T1']
81,Another ANOTATED Sloeng,en,['en'],['gen'],33,['tntxmxfn']
82,Another ANOTATED Sloita,en,['en'],['gen'],27,['fr7efn2k']
83,Another ANOTATED Srbslo,en,['en'],['gen'],9,['he9b7ya6']
84,AtoZ_KBBI.pdf - annotate,en,['en'],['gen'],1,['ske_elexis_O1EQLFD804']
85,BasicEnglishSample.pdf - annotate,en,['en'],['gen'],1,['ske_elexis_CTULNEUB54']
86,Basque Wikidata,en,['en'],['gen'],21645,['basque-wikidata']
87,Basque_dictionary.pdf - preview,en,['en'],['gen'],243,['elexis_OEUFFAZLZW']
88,Ben_dio 13.pdf - annotate,en,['en'],['gen'],0,"['elexis_3V18C3G0MN', 'elexis_NS4WO24TTF']"
89,Benesic_svezak 13.pdf - annotate,en,['en'],['gen'],1,"['elexis_GJ063LXMAI', 'elexis_26GQ1E0NT8']"
90,Bridge Slovenian,en,['en'],['gen'],1,['bridge-slovenian']
91,BridgeSample.pdf - annotate,en,['en'],['gen'],1,['ske_elexis_1QXAOB8HFL']
92,BridgeSample.pdf - preview,en,['en'],['gen'],2,['ske_elexis_XBWRXC6IC8']
93,Bridge_A.pdf,en,['en'],['gen'],1,"['elexis_B3VNJSPOYE', 'ske_elexis_IK908JW7S6', 'ske_elexis_122TMD98WQ']"
94,Bridge_A.pdf - annotate,en,['en'],['gen'],1,['elexis_Y8RCM3TR4H']
95,Bridge_A.pdf2019-12-05 21:03:27.001141,en,['en'],['gen'],1,['elexis_91FWAJC2RJ']
96,Bulgarian - Romanian,en,['en'],['gen'],4,['vxp7sw6c']
97,Clone of skolski-rjecnik-sve-rad.pdf - annotate,en,['en'],['gen'],1,['m9h8whhg']
98,CyberspeakP1.pdf - annotate,en,['en'],['gen'],3,"['elexis_YHRKBEYEPX', 'elexis_A82NJ54CSS', 'elexis_Q31TSTJSFL', 'elexis_O6KNJOKD3F', 'elexis_R4MKHJSH42', 'elexis_MO12VADP2T', 'elexis_Y2MQGJYFDR', 'elexis_0A92PNWB0V', 'elexis_LOKWUJOYSF', 'elexis_K58TZSVTDF', 'elexis_MOI85XB54I', 'elexis_A2S2V4ECYG', 'elexis_3OLDZV4J5O', 'elexis_5LUKEV769R', 'elexis_9EFE8OX7GP', 'elexis_U4ZT98IERI', 'elexis_I5WLFSB9Y5', 'elexis_UVDT8TOY84', 'elexis_WG7XMG5V3T', 'elexis_D055NV2UFX', 'elexis_9CKYWROX0F', 'elexis_GXQH153NKZ']"
99,CyberspeakP1.pdf - preview,en,['en'],['gen'],1,['elexis_5B231MLK12']
100,Cyberspeak_innovations_phenomenology,en,['en'],['gen'],0,['Cyberspeak']
101,DB TurSlov 3.0_edit.pdf - annotate,en,['en'],['gen'],1,['ske_elexis_2VXYI1C513']
102,DDOtest,en,['en'],['gen'],5122,['kwecmpmd']
103,DIZIONAR_F_476-531.pdf - annotate,en,['en'],['gen'],1,['ske_elexis_J1110RIO8U']
104,Dict2.pdf - annotate,en,['en'],['gen'],1,['ske_elexis_EX2SA9DNON']
105,Dictionnaire des combinaisons de mots by Le Robert (Educa Books) (z-lib.org).pdf - annotate,en,['en'],['gen'],1,"['ske_elexis_XZ9MWR7TSV', 'ske_elexis_EFFJPT91T8']"
106,ERES | Diccionario 2022,en,['en'],['gen'],242,['ERES2022']
107,ExamplePDFAnnotation,en,['en'],['gen'],1,['ugxn4r2m']
108,FISH.pdf - annotate,en,['en'],['gen'],1,['ske_elexis_4TEYNYXBOG']
109,FISH.pdf - preview,en,['en'],['gen'],1,['ske_elexis_CKW0LHQ2BX']
110,FewPages-el.pdf - annotate,en,['en'],['gen'],0,['ske_elexis_WOZZ9ZRMGB']
111,Flatty,en,['en'],['gen'],1,['zmgf64sdp']
112,Frequency Dictionary of Albanian,en,['en'],['gen'],3,['h8jgwr9r']
113,HCO-test.pdf - annotate,en,['en'],['gen'],1,"['elexis_KBMMEXLRLT', 'elexis_ZXA4Z4NQQN', 'elexis_IDN6I51YKJ', 'elexis_OMUE309GBZ']"
114,HCO-test.pdf - preview,en,['en'],['gen'],1,['elexis_T0JDNAN9G5']
115,HRV-SLO A-D_kor.pdf,en,['en'],['gen'],1,"['elexis_565WYB0D0X', 'elexis_1VIKWZY0HI', 'elexis_VLKKOEQ0N7']"
116,HRV-SLO A-D_kor.pdf - annotate,en,['en'],['gen'],1,['elexis_4YQZ8U1Q22']
117,HRV-SLO A-D_kor.pdf - preview,en,['en'],['gen'],45,"['elexis_9D091KTJYM', 'elexis_AAU1KFRYIK']"
118,ILS-RAS_Dict-18century-RU_merged-OCR.pdf - annotate,en,['en'],['gen'],1,['elexis_QYTWY9YAO8']
119,INDO-IRA-64-336 (dragged).pdf - annotate,en,['en'],['gen'],1,['elexis_OIPCMDY5OP']
120,INDO-IRA-64-336.pdf - annotate,en,['en'],['gen'],1,"['elexis_Y4WXLS9VIF', 'elexis_0Z3R6AYNBN', 'elexis_BQC8VR8Q49']"
121,IRNET Glossary for distance learning_Ammended-AS-MS-ESTRM addendum (1).pdf - annotate,en,['en'],['gen'],1,['elexis_J7Y3QSP5O5']
122,Internet Memes,en,['en'],['gen'],2,['internetmemes']
123,IrishDict,en,['en'],['gen'],7,['z4bv3vq9n']
124,IrishSample_20p_f.pdf,en,['en'],['gen'],1,"['elexis_9BZSCLC21F', 'elexis_92SVGI49L6']"
125,Joskintzaren Hiztegia,en,['en'],['gen'],0,['joskintza']
126,LAR1745 ALTO - annotate,en,['en'],['gen'],1,['elexis_6OXA7ZP7LC']
127,Larramendi,en,['en'],['gen'],3,['qidh6egn']
128,LexVoc Vocabulary of Lexicographic Terms,en,['en'],['gen'],484,['LexVoc']
129,LexVoc_bel_Belarusian,en,['en'],['gen'],484,['lexvoc-bel-belarusian']
130,LexVoc_bul_Bulgarian,en,['en'],['gen'],484,['lexvoc-bul-bulgarian']
131,LexVoc_cat_Catalan,en,['en'],['gen'],483,['lexvoc-cat-catalan']
132,LexVoc_ces_Czech,en,['en'],['gen'],484,['lexvoc-ces-czech']
133,LexVoc_cnr_Montenegrin,en,['en'],['gen'],484,['lexvoc-cnr-montenegrin']
134,LexVoc_dan_Danish,en,['en'],['gen'],484,['lexvoc-dan-danish']
135,LexVoc_deu_German,en,['en'],['gen'],484,['lexvoc-deu-german']
136,LexVoc_ell_Greek,en,['en'],['gen'],484,['lexvoc-ell-greek']
137,LexVoc_est_Estonian,en,['en'],['gen'],483,['lexvoc-est-estonian']
138,LexVoc_eus_Basque,en,['en'],['gen'],484,['lexvoc-eus-basque']
139,LexVoc_fin_Finnish,en,['en'],['gen'],484,['lexvoc-fin-finnish']
140,LexVoc_fra_French,en,['en'],['gen'],484,['lexvoc-fra-french']
141,LexVoc_gle_Irish,en,['en'],['gen'],484,['lexvoc-gle-irish']
142,LexVoc_glg_Galician,en,['en'],['gen'],485,['lexvoc-glg-galician']
143,LexVoc_heb_Hebrew,en,['en'],['gen'],484,['lexvoc-heb-hebrew']
144,LexVoc_hrv_Croatian,en,['en'],['gen'],484,['lexvoc-hrv-croatian']
145,LexVoc_hun_Hungarian,en,['en'],['gen'],484,['lexvoc-hun-hungarian']
146,LexVoc_isl_Icelandic,en,['en'],['gen'],482,['lexvoc-isl-icelandic']
147,LexVoc_ita_Italian,en,['en'],['gen'],484,['lexvoc-ita-italian']
148,LexVoc_lav_Latvian,en,['en'],['gen'],484,['lexvoc-lav-latvian']
149,LexVoc_lit_Lithuanian,en,['en'],['gen'],484,['lexvoc-lit-lithuanian']
150,LexVoc_ltz_Luxembourgish,en,['en'],['gen'],484,['lexvoc-ltz-luxembourgish']
151,LexVoc_mkd_Macedonian,en,['en'],['gen'],484,['lexvoc-mkd-macedonian']
152,LexVoc_mlt_Maltese,en,['en'],['gen'],484,['lexvoc-mlt-maltese']
153,LexVoc_nld_Dutch,en,['en'],['gen'],485,['lexvoc-nld-dutch']
154,LexVoc_nno_Nynorsk,en,['en'],['gen'],484,['lexvoc-nno-nynorsk']
155,LexVoc_nob_Norwegian_Bokmal,en,['en'],['gen'],484,['lexvoc-nob-norwegian-bokmal']
156,LexVoc_pol_Polish,en,['en'],['gen'],471,['lexvoc-pol-polish']
157,LexVoc_por_Portuguese,en,['en'],['gen'],484,['lexvoc-por-portuguese']
158,LexVoc_ron_Romanian,en,['en'],['gen'],484,['lexvoc-ron-romanian']
159,LexVoc_rus_Russian,en,['en'],['gen'],484,['lexvoc-rus-russian']
160,LexVoc_slk_Slovak,en,['en'],['gen'],484,['lexvoc-slk-slovak']
161,LexVoc_slv_Slovene,en,['en'],['gen'],485,['lexvoc-slv-slovene']
162,LexVoc_spa_Spanish,en,['en'],['gen'],482,['lexvoc-spa-spanish']
163,LexVoc_sqi_Albanian,en,['en'],['gen'],484,['lexvoc-sqi-albanian']
164,LexVoc_srp_Serbian,en,['en'],['gen'],484,['lexvoc-srp-serbian']
165,LexVoc_swe_Swedish,en,['en'],['gen'],484,['lexvoc-swe-swedish']
166,LexVoc_ukr_Ukrainian,en,['en'],['gen'],484,['lexvoc-ukr-ukrainian']
167,Lingvodidaktiskās vardnicas paraugs.pdf - annotate,en,['en'],['gen'],1,['ske_elexis_RJ0L7SAF8H']
168,Manfred Mayrhofer - Etymologisches Wörterbuch des Altindoarischen_ Bd 1-Universitätsverlag Winter GmbH Heidelberg (1992)-90-865.pdf - annotate,en,['en'],['gen'],1,['elexis_GTUDY76GCZ']
169,Manfred Mayrhofer - Etymologisches Wörterbuch des Altindoarischen_ Bd 1-Universitätsverlag Winter GmbH Heidelberg (1992).pdf - annotate,en,['en'],['gen'],1,['elexis_KEKI7UTLUT']
170,My Esperanto Dictionary,en,['en'],['gen'],3,['9dvj4fyt']
171,New test dict,en,['en'],['gen'],3,['8ndnk5md']
172,Oxford,en,['en'],['gen'],99079,['zfp7hv2p4']
173,PASSWORD English Multilingual Dictionary,en,['en'],['gen'],11848,"['tei-elexis-kd-password-english-kemd15_v1.1', 'tei-elexis-kd-password-english-kemd15-v1.1-homonym']"
174,PDF - 46 (dragged).pdf - annotate,en,['en'],['gen'],1,['elexis_M09NHL8WEL']
175,PDF - 46 (dragged).pdf - preview,en,['en'],['gen'],1,['ske_elexis_615DR47I8N']
176,PDF - 47.pdf - annotate,en,['en'],['gen'],1,['elexis_960VRENBPT']
177,Prova,en,['en'],['gen'],2,['jwf7nap3']
178,Random Webster's College Dictionary,en,['en'],['gen'],80046,['tei-elexis-kd-randomhousewebsterscollegedict-7concat-nox-rhwcd-v1']
179,Romanian - Bulgarian,en,['en'],['gen'],10,['njvkhjxj']
180,Sample E-S (1).pdf - annotate,en,['en'],['gen'],1,['ske_elexis_YKTUJG3VZC']
181,Sample E-S (1).pdf - preview,en,['en'],['gen'],1,['ske_elexis_PF2TZRWMIS']
182,Sample E-S.pdf - annotate,en,['en'],['gen'],1,['ske_elexis_XG1DMEE8RU']
183,Sarasola_Euskal_Hiztegia_Content-1.pdf - annotate,en,['en'],['gen'],0,['elexis_JDDJD3L1QE']
184,Sarasola_Euskal_Hiztegia_Content.pdf - annotate,en,['en'],['gen'],1,"['elexis_V7P1BH3251', 'elexis_GU7T9K7L68']"
185,Sarasola_Euskal_Hiztegia_Content.pdf - preview,en,['en'],['gen'],243,['elexis_N92HX3OU04']
186,Segurança alimentar,en,['en'],['gen'],3,"['xe2qtc58', 'gni5knxi']"
187,Servisch t-takav.pdf - annotate,en,['en'],['gen'],1,"['ske_elexis_K2X3PEZSYP', 'elexis_MU37K9N14N']"
188,SrbSlo machine annotated,en,['en'],['gen'],1,['amknyhvb']
189,TE21_terms for excel.pdf - annotate,en,['en'],['gen'],1,"['ske_elexis_AB4I5ST76Q', 'ske_elexis_TM5OH3RU4H', 'ske_elexis_LRA74UPXRT']"
190,TERM_test,en,['en'],['gen'],4,['nr5snwcf']
191,TEST,en,['en'],['gen'],3,['6khc9xxx']
192,Tanara-test,en,['en'],['gen'],290,['z7q2dan47']
193,Tehnik Teil 1 Zugeschnitten EG für Elexis 1-20.pdf - annotate,en,['en'],['gen'],1,['ske_elexis_LZG08RCBMC']
194,Tehnik Teil 1 Zugeschnitten EG für Elexis 1-7.pdf - annotate,en,['en'],['gen'],1,"['ske_elexis_5IQHYL2WY4', 'ske_elexis_3OJ65B9H61', 'ske_elexis_FLPHHFKAED', 'ske_elexis_41L83CEFQ1']"
195,Tehnik Teil 1 Zugeschnitten EG für Elexis.pdf - annotate,en,['en'],['gen'],1,['ske_elexis_URM659KJIG']
196,Terminologue_glossary_term_with_coulour_Green_LT_EN.pdf - annotate,en,['en'],['gen'],1,['elexis_5IJU04SO6X']
197,Test upload,en,['en'],['gen'],21469,['q8cjyj6a']
198,TriererWB_A_B.pdf - annotate,en,['en'],['gen'],1,['elexis_Z9MLTQ3BOV']
199,VMSM,en,['en'],['gen'],0,['zjew4jrxs']
200,VOLP_1940_a_acetileno_12pp.pdf - annotate,en,['en'],['gen'],1,"['elexis_PL4G36Q6TY', 'elexis_YKX1ZF36KC', 'ske_elexis_2RGA6TYQHQ', 'ske_elexis_KAT3W0F7YZ', 'ske_elexis_2I2NJLO8JF']"
201,VOLP_1940_a_acetileno_12pp.pdf - preview,en,['en'],['gen'],24,['ske_elexis_81AQ6EY8K9']
202,VSMS 1.3,en,['en'],['gen'],27180,['z8e4fen8n']
203,VSO_test2.pdf - annotate,en,['en'],['gen'],1,['elexis_A6BOGCAP8G']
204,Volume 1 - Copy.pdf - annotate,en,['en'],['gen'],1,['elexis_4WX8K9ARBI']
205,Volume 1-merge.pdf - annotate,en,['en'],['gen'],1,['elexis_1ZE5051V5S']
206,Volume 1.pdf - annotate,en,['en'],['gen'],1,['elexis_8ZFR3AFY94']
207,Yevropeiskyi_slovnyk_filosofii_t1.pdf - annotate,en,['en'],['gen'],1,['elexis_2F2Y9GYNJP']
208,alto-test-full.pdf - annotate,en,['en'],['gen'],2,['elexis_2AZ5C7XN40']
209,certifikati.pdf - annotate,en,['en'],['gen'],1,['elexis_8FLEE16OZD']
210,charlie.pdf - annotate,en,['en'],['gen'],1,"['ske_elexis_POWCNLX780', 'ske_elexis_BR5ZUWMZ9G', 'ske_elexis_VF0M8YDXEJ']"
211,cpe,en,['en'],['gen'],3,['7i9nkp9p']
212,cu31924086360488.pdf - annotate,en,['en'],['gen'],1,['ske_elexis_71NAN77SS5']
213,daru_test.pdf - annotate,en,['en'],['gen'],0,['elexis_S5LZR3H66X']
214,dh.pdf - annotate,en,['en'],['gen'],1,['elexis_WATS1RPTM1']
215,dhsh.pdf - annotate,en,['en'],['gen'],1,['elexis_IGDS2NE39R']
216,dictionary.pdf - annotate,en,['en'],['gen'],1,['ske_elexis_5NIVK227SC']
217,document.pdf - annotate,en,['en'],['gen'],1,['elexis_7BU033Q39Y']
218,duval_thesis_vol3.pdf - annotate,en,['en'],['gen'],1,['elexis_N2SGYBGH7D']
219,elexis EURAC Bistro,en,['en'],['gen'],11323,['elexis-eurac-bistro']
220,elexis EURAC Dizionar F LAD-DEU,en,['en'],['gen'],872,['elexis-eurac-dizionar']
221,elexis KD  Random House Webster's College Dictionary,en,['en'],['gen'],80133,['elexis-kd-rhwcd']
222,elexis KD K English Multilingual Dictionary,en,['en'],['gen'],11848,['elexis-kd-kemd']
223,elexis OEAW DC AEB ENG - A Digital Dictionary of Tunis Arabic,en,['en'],['gen'],7661,['elexis-oeaw-dcaebeng']
224,empty.pdf,en,['en'],['gen'],1,"['elexis_5RJXCU4F2F', 'elexis_WUJNRD2MTH', 'elexis_RJP3RKZU5G', 'elexis_TABJ3SCZXC', 'elexis_JO5ZAAA8QD', 'elexis_JOL0XKIC2R', 'elexis_A4AE48XLJS', 'elexis_SGYETVRULG', 'elexis_C3IT5AMPX0', 'elexis_VX2TFGPAIJ', 'elexis_SBOSUCGRT5', 'elexis_ULNQI0FZIL', 'elexis_W491L0TQG7', 'elexis_AC0XC93J3V', 'elexis_PH4OVVD2AW', 'elexis_3E1DCZLBJL', 'elexis_ZN9ZXI366M', 'elexis_3UD8WID9AW', 'elexis_AMJWJUWC1A', 'elexis_RT5LNBD6K0', 'elexis_W325BMOD11', 'elexis_T0WUQUVFAW', 'elexis_6C88K16Y2T', 'elexis_C7PELQEYOJ', 'elexis_RKO6XRH31Y', 'elexis_U1SN3HVUQ7', 'elexis_UZ6DZJ9DTA', 'elexis_T6TSS3MDR8', 'elexis_OFGQUGDHL4', 'elexis_YMQGJHUA2H']"
225,english dic,en,['en'],['gen'],2,['867dbvg5']
226,flatty-elexifier-test,en,['en'],['gen'],7,['ytm53pis']
227,foo,en,['en'],['gen'],3,['foo']
228,hrslo-test.pdf - annotate,en,['en'],['gen'],1,"['elexis_MOPRVF1GZA', 'elexis_0CL5TQL9AR', 'elexis_C5R2751ERM', 'ske_elexis_LWJQU8XBGH']"
229,hrslo-test.pdf - preview,en,['en'],['gen'],47,['elexis_XL4311B1CC']
230,lana1978,en,['en'],['gen'],3,['98na72b3']
231,mali sloang pred prelomom--to-annotate-20-pages.pdf,en,['en'],['gen'],1,['elexis_7DEWBRXLUK']
232,mali sloang pred prelomom-3-20.pdf,en,['en'],['gen'],1,['elexis_MXV2UK9WP2']
233,mali sloang pred prelomom-3-20.pdf - preview,en,['en'],['gen'],1,['elexis_MPDWOT9XHR']
234,mali sloang pred prelomom-ElexisTMB.pdf,en,['en'],['gen'],1,"['elexis_32LIMQZL0I', 'elexis_P4NXWIQ411']"
235,mali sloang pred prelomom-small_11.pdf - annotate,en,['en'],['gen'],1,['elexis_4EEHL179I4']
236,mali sloang pred prelomom-small_11.pdf - preview,en,['en'],['gen'],1,['elexis_4EUWY8E3DD']
237,mali sloang pred prelomom-small_video.pdf - annotate,en,['en'],['gen'],1,"['elexis_32VITD276G', 'elexis_GO6IBDO9MK', 'elexis_X33AQ3GM8I', 'elexis_8TSB28IT0F']"
238,mali sloang pred prelomom-small_video.pdf - preview,en,['en'],['gen'],3,"['elexis_CHJC5AB3VA', 'elexis_IIF9EF7RW7']"
239,mali sloang pred prelomom-test.pdf - annotate,en,['en'],['gen'],1,['elexis_U13LWPCTEO']
240,mali sloang pred prelomom.pdf,en,['en'],['gen'],2,['elexis_4AWXXOA4WL']
241,mali sloang pred prelomom.pdf - annotate,en,['en'],['gen'],1,"['elexis_RXMQDDVA9A', 'ske_elexis_C244LPQRQI']"
242,mali_sloang_pred-prelomom.pdf - annotate,en,['en'],['gen'],1,['ske_elexis_Z4D0AN7W0J']
243,mali_sloang_pred-prelomom.pdf - preview,en,['en'],['gen'],266,['ske_elexis_Y0QVW5NMCK']
244,output.regex.br.ff.lo.cut.pdf - annotate,en,['en'],['gen'],1,['elexis_7XP6P5D9KH']
245,peder,en,['en'],['gen'],3,['peder']
246,peder2,en,['en'],['gen'],3,['peder2']
247,pokus.pdf - annotate,en,['en'],['gen'],1,['ske_elexis_KNEHJ35RI6']
248,rambousek.pdf - annotate,en,['en'],['gen'],1,"['elexis_SEBS76W2N6', 'elexis_AZCMYQE4BJ', 'elexis_6U0KNJODUT', 'elexis_YVU6VQ08YK']"
249,rambousek.pdf - preview,en,['en'],['gen'],1,['elexis_VQBWY53RI4']
250,rambousek_10_pages.pdf - annotate,en,['en'],['gen'],1,"['elexis_8PDQPM8VKH', 'elexis_J4MI3BEUWG']"
251,rechko,en,['en'],['gen'],3,['rechko']
252,skolski-rjecnik-sve-rad.pdf - annotate,en,['en'],['gen'],1,['elexis_DMMUHMLR2V']
253,skolski-rjecnik-sve-rad.pdf - preview,en,['en'],['gen'],12549,"['ske_elexis_7613PQLK9V', 'ske_elexis_2YDPW78E4W', 'ske_elexis_C8O80VDOFD', 'ske_elexis_IX91TR1PMB', 'elexis_DNFXFX7H3Y', 'elexis_FYB8WOTJSI', 'ske_elexis_UP1EULYU50', 'ske_elexis_UDFB7MJEQX', 'elexis_Y2NB9OTKM9', 'elexis_E4C88G4X2A', 'elexis_XRF5TJR2AS', 'elexis_QKCXHL8CDH', 'elexis_J6ELL0LE0V']"
254,sloang-demo.pdf - annotate,en,['en'],['gen'],1,['ske_elexis_0ZUUV0XFEX']
255,sloang-demo.pdf - preview,en,['en'],['gen'],2,['ske_elexis_DT77QYGSOH']
256,sloang-predstavitev.pdf - annotate,en,['en'],['gen'],1,['elexis_9NCY148VUX']
257,sloang-predstavitev.pdf - preview,en,['en'],['gen'],266,"['elexis_ADMCUIJ3CX', 'ske_elexis_613J7LLBAH']"
258,sloang-presentation.pdf - annotate,en,['en'],['gen'],1,['elexis_YQUBJMFOW4']
259,sloang-test-10.pdf - annotate,en,['en'],['gen'],1,"['elexis_4RVWHEAEZL', 'elexis_7AH3D7ZRS5', 'elexis_BBXQTUVVO7', 'elexis_K5DHB4JF7T', 'ske_elexis_CCJPSO1ASP', 'ske_elexis_UE9QSE3202']"
260,sloang-test-demo2.pdf - annotate,en,['en'],['gen'],1,"['elexis_DNIULEGTU3', 'elexis_H04RWE3JFH', 'elexis_L1NNNZXHOL', 'elexis_EBIRCD960F', 'elexis_WWHQP1PYEX', 'elexis_PGJNI7P68O']"
261,sloang-test-demo2.pdf - preview,en,['en'],['gen'],2,"['elexis_0FK4Q09MP7', 'elexis_TWHK81SW4Z']"
262,sloang-test-small-today3.pdf - annotate,en,['en'],['gen'],1,['elexis_SAK0O7JCRO']
263,sloita proba5a-to-annotate-20-pages.pdf,en,['en'],['gen'],1,['elexis_EDKJPCQ5UQ']
264,sloita_proba5a-test.PDF - annotate,en,['en'],['gen'],1,['elexis_MVE25U5BYY']
265,sloita_proba5a.PDF,en,['en'],['gen'],360,['elexis_279MWIULE2']
266,sloita_proba5a.PDF - annotate,en,['en'],['gen'],1,"['elexis_RSDJZPZU66', 'elexis_706GOUGXWV', 'elexis_7BGCUC8S5M', 'elexis_0ANKNGYEDT', 'elexis_X3PUMK8CS7', 'elexis_USHPIWHS6Z', 'elexis_2MCT8NZT2E', 'elexis_CF3064C0Z3', 'elexis_D0ON3GI7U0', 'elexis_273K51ZE22', 'elexis_SB7JIG0IL2', 'elexis_V8EHF56FN0', 'elexis_R7A26GYTSE']"
267,srbslo 2 kor--to-annotate-20-pages.pdf,en,['en'],['gen'],1,['elexis_8NAINY79GX']
268,srbslo_2_kor-test.PDF,en,['en'],['gen'],110,['elexis_N8PL5KXPTE']
269,srbslo_2_kor.PDF - annotate,en,['en'],['gen'],1,['elexis_WVPW0CVM75']
270,test,en,['en'],['gen'],3,"['test', 'thwyitr5']"
271,test-andraz-3.pdf - annotate,en,['en'],['gen'],1,['ske_elexis_NO9IQQPAAT']
272,test-andraz.pdf,en,['en'],['gen'],1,['elexis_3S8E4KAHHX']
273,test-bridge,en,['en'],['gen'],6474,['z8f4vdgpe']
274,test-pdf.pdf - annotate,en,['en'],['gen'],1,['elexis_KZDWQZIOE7']
275,test-pdf.pdf - preview,en,['en'],['gen'],1,['ske_elexis_RR3KCTONWC']
276,test.pdf,en,['en'],['gen'],1,['elexis_13K09XCCYP']
277,Рекцията в немския език.pdf - annotate,en,['en'],['gen'],0,"['ske_elexis_Q4BNCAOB0C', 'ske_elexis_IG8T1LSWDX', 'ske_elexis_8CYSAT1NDG', 'ske_elexis_U52RHUQ3XY', 'ske_elexis_1I172C9K6I']"
278,СРНГ 01 А.pdf - annotate,en,['en'],['gen'],1,"['ske_elexis_4NNDB3ZC7Z', 'ske_elexis_5WSRFOUZ56']"
279,Diccionario de la lengua española 22 ed,es,['es'],['gen'],88455,['tei-elexis-rae-drae22-rae_v1_copy']
280,EKI ühendsõnastik 2021,es,['es'],['gen'],76099,['tei-elexis-eki-eki-combined_tei_sept2021']
281,ERES | Diccionario del Español Especializado en Redes Sociales,es,['es'],['gen'],354,['ERES']
282,elexis ICNC IC12 acquis en es,es,['es'],['gen'],308092,['elexis-icnc-ic12-acquis-en-es']
283,elexis ICNC IC12 core en es,es,['es'],['gen'],412708,['elexis-icnc-ic12-core-en-es']
284,elexis ICNC IC12 europarl en es,es,['es'],['gen'],351413,['elexis-icnc-ic12-europarl-en-es']
285,elexis ICNC IC12 presseurop en es,es,['es'],['gen'],113597,['elexis-icnc-ic12-presseurop-en-es']
286,elexis ICNC IC12 syndicate en es,es,['es'],['gen'],209402,['elexis-icnc-ic12-syndicate-en-es']
287,elexis RAE Dictionary RAE 22,es,['es'],['gen'],88455,['elexis-rae-rae22']
288,elexis EKI SSS,et,['et'],['gen'],425699,['elexis-eki-sss']
289,elexis ICNC IC12 acquis en et,et,['et'],['gen'],390748,['elexis-icnc-ic12-acquis-en-et']
290,elexis ICNC IC12 europarl en et,et,['et'],['gen'],468122,['elexis-icnc-ic12-europarl-en-et']
291,elexis UPV Basque WordNet,eu,['eu'],['gen'],30263,['elexis-upv-wordnet']
292,elexis OEAW DC PES ENG - A machine-readable Persian-English Dictionary,fa,['fa'],['gen'],10628,['elexis-oeaw-dcpeseng']
293,elexis ICNC IC12 acquis en fi,fi,['fi'],['gen'],398005,['elexis-icnc-ic12-acquis-en-fi']
294,elexis ICNC IC12 bible en fi,fi,['fi'],['gen'],28744,['elexis-icnc-ic12-bible-en-fi']
295,elexis ICNC IC12 core en fi,fi,['fi'],['gen'],246667,['elexis-icnc-ic12-core-en-fi']
296,elexis ICNC IC12 europarl en fi,fi,['fi'],['gen'],494388,['elexis-icnc-ic12-europarl-en-fi']
297,elexis KOTUS Finnish dialect dictionary,fi,['fi'],['gen'],161148,['elexis-kotus-sms']
298,elexis KOTUS Historical Finnish Dictionary,fi,['fi'],['gen'],42341,['elexis-kotus-vks']
299,GLOBAL French-Russian Dictionary,fr,['fr'],['gen'],10744,['tei-elexis-kd-globalfrenchrussian_mlds_fr1-ru_all-def-mlds-fr-ru-v1-copy']
300,MLDS_FR1-AR-all,fr,['fr'],['gen'],10744,['tei-elexis-kd-globalfrencharabic_mlds_fr1-ar-all-def-mlds_fr1-ar-v1']
301,MLDS_FR1-JA,fr,['fr'],['gen'],10744,['tei-elexis-kd-globalfrenchjapanese_mlds_fr1-ja-all-def-mlds_fr1-ja-v2']
302,MLDS_FR1-PL-all,fr,['fr'],['gen'],10744,['tei-elexis-kd-globalfrenchpolish_mlds_fr1-pl-all-def-mlds_fr1-pl-v2']
303,MLDS_FR1-PT-all,fr,['fr'],['gen'],10744,['tei-elexis-kd-globalfrenchportuguese_mlds_fr1-pt-all-def-mlds_fr1-pt-v2']
304,MLDS_FR1-TR-all,fr,['fr'],['gen'],10744,['tei-elexis-kd-globalfrenchturkish_mlds_fr1-tr-all-def-mlds_fr1-tr-v1']
305,MLDS_FR1-ZH-all,fr,['fr'],['gen'],10744,['tei-elexis-kd-globalfrenchchinese_mlds_fr1-zh-all-def-mlds_fr1-zh-v1']
306,elexis ICNC IC12 acquis en fr,fr,['fr'],['gen'],283741,['elexis-icnc-ic12-acquis-en-fr']
307,elexis ICNC IC12 bible en fr,fr,['fr'],['gen'],28919,['elexis-icnc-ic12-bible-en-fr']
308,elexis ICNC IC12 core en fr,fr,['fr'],['gen'],280396,['elexis-icnc-ic12-core-en-fr']
309,elexis ICNC IC12 europarl en fr,fr,['fr'],['gen'],344093,['elexis-icnc-ic12-europarl-en-fr']
310,elexis ICNC IC12 presseurop en fr,fr,['fr'],['gen'],115396,['elexis-icnc-ic12-presseurop-en-fr']
311,elexis ICNC IC12 syndicate en fr,fr,['fr'],['gen'],199694,['elexis-icnc-ic12-syndicate-en-fr']
312,elexis KD French - Arabic,fr,['fr'],['gen'],10744,['elexis-kd-frar']
313,elexis KD French - Chinese,fr,['fr'],['gen'],10744,['elexis-kd-frzh']
314,elexis KD French - Greek,fr,['fr'],['gen'],10744,['elexis-kd-frel']
315,elexis KD French - Japanese,fr,['fr'],['gen'],10744,['elexis-kd-frja']
316,elexis KD French - Polish,fr,['fr'],['gen'],10744,['elexis-kd-frpl']
317,elexis KD French - Portuguese,fr,['fr'],['gen'],10744,['elexis-kd-frpt']
318,elexis KD French - Russian,fr,['fr'],['gen'],10744,['elexis-kd-frru']
319,elexis KD French - Turkish,fr,['fr'],['gen'],10744,['elexis-kd-frtr']
320,mlds_fr1-el-all,fr,['fr'],['gen'],10744,['tei-elexis-kd-globalfrenchgreek_mlds_fr1-el-all-def-mlds_fr1-el-v1']
321,elexis ICNC IC12 core en hi,hi,['hi'],['gen'],11713,['elexis-icnc-ic12-core-en-hi']
322,elexis ICNC IC12 bible en hr,hr,['hr'],['gen'],28868,['elexis-icnc-ic12-bible-en-hr']
323,elexis ICNC IC12 core en hr,hr,['hr'],['gen'],504812,['elexis-icnc-ic12-core-en-hr']
324,ExplDictHUN,hu,['hu'],['gen'],60459,['tei-elexis-rilmta-expldicthun-tei_v5']
325,elexis ICNC IC12 acquis en hu,hu,['hu'],['gen'],346301,['elexis-icnc-ic12-acquis-en-hu']
326,elexis ICNC IC12 core en hu,hu,['hu'],['gen'],158647,['elexis-icnc-ic12-core-en-hu']
327,elexis ICNC IC12 europarl en hu,hu,['hu'],['gen'],444132,['elexis-icnc-ic12-europarl-en-hu']
328,elexis AMIIS ISLEX,is,['is'],['gen'],48480,['elexis-amiis-islex']
329,elexis ICNC IC12 acquis en it,it,['it'],['gen'],304669,['elexis-icnc-ic12-acquis-en-it']
330,elexis ICNC IC12 bible en it,it,['it'],['gen'],28789,['elexis-icnc-ic12-bible-en-it']
331,elexis ICNC IC12 core en it,it,['it'],['gen'],364359,['elexis-icnc-ic12-core-en-it']
332,elexis ICNC IC12 europarl en it,it,['it'],['gen'],370981,['elexis-icnc-ic12-europarl-en-it']
333,elexis ICNC IC12 presseurop en it,it,['it'],['gen'],104161,['elexis-icnc-ic12-presseurop-en-it']
334,elexis ICNC IC12 syndicate en it,it,['it'],['gen'],72209,['elexis-icnc-ic12-syndicate-en-it']
335,MLDS_JA1-FR-all,ja,['ja'],['gen'],11253,['tei-elexis-kd-globaljapanesefrench_mlds_ja1-fr-all-def-mlds_ja1-fr-v1']
336,elexis ICNC IC12 core en ja,ja,['ja'],['gen'],9900,['elexis-icnc-ic12-core-en-ja']
337,elexis KD Japanese - French,ja,['ja'],['gen'],11253,['elexis-kd-jafr']
338,elexis CIRCSE Latin Vallex,la,['la'],['gen'],1379,['elexis-circse-latinvallex']
339,elexis ICNC IC12 acquis en lt,lt,['lt'],['gen'],366126,['elexis-icnc-ic12-acquis-en-lt']
340,elexis ICNC IC12 bible en lt,lt,['lt'],['gen'],28580,['elexis-icnc-ic12-bible-en-lt']
341,elexis ICNC IC12 core en lt,lt,['lt'],['gen'],37324,['elexis-icnc-ic12-core-en-lt']
342,elexis ICNC IC12 europarl en lt,lt,['lt'],['gen'],470549,['elexis-icnc-ic12-europarl-en-lt']
343,elexis LKI Comparative Dictionary,lt,['lt'],['gen'],7093,['elexis-lki-palyginimu']
344,elexis LKI Dictonary of Modern Lithuanian,lt,['lt'],['gen'],48075,['elexis-lki-dlkz']
345,elexis LKI Systematic Dictionary of the Lithuanian Language,lt,['lt'],['gen'],1614,['elexis-lki-sisteminis']
346,elexis ICNC IC12 acquis en lv,lv,['lv'],['gen'],353945,['elexis-icnc-ic12-acquis-en-lv']
347,elexis ICNC IC12 bible en lv,lv,['lv'],['gen'],7846,['elexis-icnc-ic12-bible-en-lv']
348,elexis ICNC IC12 core en lv,lv,['lv'],['gen'],75170,['elexis-icnc-ic12-core-en-lv']
349,elexis ICNC IC12 europarl en lv,lv,['lv'],['gen'],445027,['elexis-icnc-ic12-europarl-en-lv']
350,elexis IMCS Tezaurs Latvian,lv,['lv'],['gen'],320869,['elexis-imcs-tezaurs']
351,elexis ICNC IC12 core en mk,mk,['mk'],['gen'],310618,['elexis-icnc-ic12-core-en-mk']
352,elexis MANU lemma list,mk,['mk'],['gen'],16790,['elexis-manu-lemma']
353,elexis ICNC IC12 acquis en mt,mt,['mt'],['gen'],207192,['elexis-icnc-ic12-acquis-en-mt']
354,elexis UB Nords Ordbank - Bokmal,nb,['nb'],['gen'],153939,['elexis-ub-nob']
355,Algemeen Nederlands Woordenboek,nl,['nl'],['gen'],26620,['tei-elexis-int-anw_2020_11_01-anw_v2']
356,elexis ICNC IC12 acquis en nl,nl,['nl'],['gen'],310457,['elexis-icnc-ic12-acquis-en-nl']
357,elexis ICNC IC12 bible en nl,nl,['nl'],['gen'],27683,['elexis-icnc-ic12-bible-en-nl']
358,elexis ICNC IC12 core en nl,nl,['nl'],['gen'],355971,['elexis-icnc-ic12-core-en-nl']
359,elexis ICNC IC12 europarl en nl,nl,['nl'],['gen'],363955,['elexis-icnc-ic12-europarl-en-nl']
360,elexis ICNC IC12 presseurop en nl,nl,['nl'],['gen'],111068,['elexis-icnc-ic12-presseurop-en-nl']
361,elexis ICNC IC12 syndicate en nl,nl,['nl'],['gen'],57313,['elexis-icnc-ic12-syndicate-en-nl']
362,elexis INT ANW,nl,['nl'],['gen'],57953,['elexis-int-anw']
363,elexis UB Nords Ordbank - Nynorsk,nn,['nn'],['gen'],121112,['elexis-ub-nno']
364,Ordbog over det norrøne prosasprog // Dictionary of Old Norse Prose,no,['no'],['gen'],64924,['tei-elexis-uchp-old-norse-prose_tei']
365,elexis ICNC IC12 bible en no,no,['no'],['gen'],27784,['elexis-icnc-ic12-bible-en-no']
366,elexis ICNC IC12 core en no,no,['no'],['gen'],234853,['elexis-icnc-ic12-core-en-no']
367,MLDS_PL1-FR-ALL,pl,['pl'],['gen'],11915,['tei-elexis-kd-globalpolishfrench_mlds_pl1-fr-all-def-mlds_pl1-fr-v1']
368,elexis ICNC IC12 acquis en pl,pl,['pl'],['gen'],374493,['elexis-icnc-ic12-acquis-en-pl']
369,elexis ICNC IC12 bible en pl,pl,['pl'],['gen'],29299,['elexis-icnc-ic12-bible-en-pl']
370,elexis ICNC IC12 core en pl,pl,['pl'],['gen'],517046,['elexis-icnc-ic12-core-en-pl']
371,elexis ICNC IC12 europarl en pl,pl,['pl'],['gen'],454309,['elexis-icnc-ic12-europarl-en-pl']
372,elexis ICNC IC12 presseurop en pl,pl,['pl'],['gen'],114770,['elexis-icnc-ic12-presseurop-en-pl']
373,elexis KD Polish - French,pl,['pl'],['gen'],11915,['elexis-kd-plfr']
374,MLDS_PT1-FR,pt,['pt'],['gen'],10932,['tei-elexis-kd-globalportuguesefrench_mlds_pt1-fr-all-def-mlds_pt1-fr-v1']
375,elexis ACL DLPC,pt,['pt'],['gen'],69360,['elexis-acl-dlpc']
376,elexis ICNC IC12 acquis en pt,pt,['pt'],['gen'],303706,['elexis-icnc-ic12-acquis-en-pt']
377,elexis ICNC IC12 bible en pt,pt,['pt'],['gen'],28433,['elexis-icnc-ic12-bible-en-pt']
378,elexis ICNC IC12 core en pt,pt,['pt'],['gen'],131860,['elexis-icnc-ic12-core-en-pt']
379,elexis ICNC IC12 europarl en pt,pt,['pt'],['gen'],357624,['elexis-icnc-ic12-europarl-en-pt']
380,elexis ICNC IC12 presseurop en pt,pt,['pt'],['gen'],118237,['elexis-icnc-ic12-presseurop-en-pt']
381,elexis ICNC IC12 syndicate en pt,pt,['pt'],['gen'],46353,['elexis-icnc-ic12-syndicate-en-pt']
382,elexis KD Portuguese - French,pt,['pt'],['gen'],10932,['elexis-kd-ptfr']
383,elexis ICNC IC12 acquis en ro,ro,['ro'],['gen'],140481,['elexis-icnc-ic12-acquis-en-ro']
384,elexis ICNC IC12 core en ro,ro,['ro'],['gen'],92482,['elexis-icnc-ic12-core-en-ro']
385,elexis ICNC IC12 europarl en ro,ro,['ro'],['gen'],249020,['elexis-icnc-ic12-europarl-en-ro']
386,elexis ICNC IC12 presseurop en ro,ro,['ro'],['gen'],119135,['elexis-icnc-ic12-presseurop-en-ro']
387,MLDS_RU1-FR,ru,['ru'],['gen'],11333,['tei-elexis-kd-globalrussianfrench_mlds_ru1-fr-all-def-mlds_ru1-fr-v1']
388,elexis ICNC IC12 bible en ru,ru,['ru'],['gen'],25462,['elexis-icnc-ic12-bible-en-ru']
389,elexis ICNC IC12 core en ru,ru,['ru'],['gen'],267621,['elexis-icnc-ic12-core-en-ru']
390,elexis ICNC IC12 syndicate en ru,ru,['ru'],['gen'],275633,['elexis-icnc-ic12-syndicate-en-ru']
391,elexis KD Russian - French,ru,['ru'],['gen'],11333,['elexis-kd-rufr']
392,elexis CCeH Monier-Williams Sanskrit-English Dictionary,sa,['sa'],['gen'],353860,['elexis-cceh-san']
393,elexis ICNC IC12 acquis en sk,sk,['sk'],['gen'],434168,['elexis-icnc-ic12-acquis-en-sk']
394,elexis ICNC IC12 bible en sk,sk,['sk'],['gen'],28842,['elexis-icnc-ic12-bible-en-sk']
395,elexis ICNC IC12 core en sk,sk,['sk'],['gen'],120106,['elexis-icnc-ic12-core-en-sk']
396,elexis ICNC IC12 europarl en sk,sk,['sk'],['gen'],470440,['elexis-icnc-ic12-europarl-en-sk']
397,0_Kofein_elexis ZRCSAZU SNB,sl,['sl'],['gen'],5382,['ube6b466']
398,TEI ELEXIS JSI SLD_TEI,sl,['sl'],['gen'],2500,['tei-elexis-jsi-sld_tei']
399,elexis CJVT Thesaurus,sl,['sl'],['gen'],105473,['elexis-cjvt-thesaurus']
400,elexis ICNC IC12 acquis en sl,sl,['sl'],['gen'],380692,['elexis-icnc-ic12-acquis-en-sl']
401,elexis ICNC IC12 core en sl,sl,['sl'],['gen'],142402,['elexis-icnc-ic12-core-en-sl']
402,elexis ICNC IC12 europarl en sl,sl,['sl'],['gen'],439639,['elexis-icnc-ic12-europarl-en-sl']
403,elexis IJS SP2001,sl,['sl'],['gen'],92617,['elexis-ijs-sp2001']
404,elexis ZRCSAZU Nova beseda frequency lexicon,sl,['sl'],['gen'],2251151,['elexis-zrcsazu-novabeseda']
405,elexis ZRCSAZU SNB,sl,['sl'],['gen'],5382,['elexis-zrcsazu-snb']
406,elexis ZRCSAZU SSC,sl,['sl'],['gen'],429,['elexis-zrcsazu-ssc']
407,elexis ZRCSAZU SSF,sl,['sl'],['gen'],3002,['elexis-zrcsazu-ssf']
408,Dictionary of Lesser Used Slovenian Words,slv,['slv'],['gen'],178457,['elexis-zrcsazu-lesser']
409,Dictionary of the Slovenian Language in the Works of Janez Svetokriški,slv,['slv'],"['gen', 'his']",8461,['elexis-zrcsazu-jsv']
410,Reverse dictionary of Slovenian language,slv,['slv'],['gen'],114341,['elexis-zrcsazu-odzadnji']
411,Slovenian-German Dictionary of Maks Pleteršnik (1894-1895),slv,"['slv', 'deu']","['gen', 'his']",103185,['elexis-zrcsazu-pletersnik']
412,elexis ICNC IC12 core en sr,sr,['sr'],['gen'],382762,['elexis-icnc-ic12-core-en-sr']
413,elexis UBFMG GeologyTerm,sr,['sr'],['gen'],312,['elexis-ubfmg-geology']
414,elexis UBFMG TermiMining,sr,['sr'],['gen'],47,['elexis-ubfmg-termimining']
415,elexis ICNC IC12 acquis en sv,sv,['sv'],['gen'],374486,['elexis-icnc-ic12-acquis-en-sv']
416,elexis ICNC IC12 bible en sv,sv,['sv'],['gen'],27720,['elexis-icnc-ic12-bible-en-sv']
417,elexis ICNC IC12 core en sv,sv,['sv'],['gen'],287738,['elexis-icnc-ic12-core-en-sv']
418,elexis ICNC IC12 europarl en sv,sv,['sv'],['gen'],404246,['elexis-icnc-ic12-europarl-en-sv']
419,elexis SA SAOB,sv,['sv'],['gen'],550424,['elexis-sa-saob']
420,elexis SA SAOL,sv,['sv'],['gen'],984823,['elexis-sa-saol']
421,MLDS_TR1-FR-all,tr,['tr'],['gen'],9047,['tei-elexis-kd-globalturkishfrench_mlds_tr1-fr-all-def-mlds_tr1-fr-v2']
422,elexis KD Turkish - French,tr,['tr'],['gen'],9047,['elexis-kd-trfr']
423,elexis ICNC IC12 bible en uk,uk,['uk'],['gen'],24140,['elexis-icnc-ic12-bible-en-uk']
424,elexis ICNC IC12 core en uk,uk,['uk'],['gen'],383077,['elexis-icnc-ic12-core-en-uk']
425,elexis ICNC IC12 syndicate en zh,zh,['zh'],['gen'],5419,['elexis-icnc-ic12-syndicate-en-zh']
426,elexis KD Chinese - French,zh,['zh'],['gen'],2266,['elexis-kd-zhfr']
427,mlds_zh1-fr-all-def.xml,zh,['zh'],['gen'],11736,['tei-elexis-kd-globalchinesefrench_mlds_zh1-fr-all-def-mlds_zh1-fr-v1']
